"transaction","orderTimes","paymentTimes","fulfillTimes","totalTime"
1,39,10,4,52
2,0,52,12,64
3,123,6,3,132
4,47,50,20,116
5,4,43,1,48
6,4,10,7,21
7,39,21,3,63
8,3,15,5,24
9,14,11,1,27
10,12,19,2,33
11,30,17,1,49
12,29,41,40,110
13,9,11,2,23
14,8,8,5,21
15,3,34,24,61
16,176,17,2,196
17,39,12,4,55
18,24,18,22,64
19,28,53,3,84
20,55,7,5,67
21,33,2,2,37
22,22,10,2,34
23,42,12,2,56
24,23,12,8,44
25,6,25,7,38
26,21,40,2,63
27,27,7,1,36
28,17,1,6,24
29,12,1,17,30
30,19,7,4,31
31,1,6,1,8
32,70,2,3,75
33,32,2,9,43
34,154,11,6,170
35,81,29,1,111
36,19,5,2,26
37,6,14,5,25
38,48,1,4,53
39,76,28,9,113
40,5,47,10,62
41,69,3,13,86
42,35,17,18,70
43,14,4,3,21
44,32,1,7,40
45,63,4,3,70
46,18,18,12,49
47,15,2,1,17
48,7,19,13,39
49,22,0,1,24
50,52,0,2,53
51,55,19,7,81
52,36,13,3,52
53,21,13,14,48
54,8,3,1,11
55,8,14,7,29
56,30,27,1,58
57,72,19,0,91
58,11,2,2,15
59,2,21,8,31
60,44,7,5,55
61,56,16,11,84
62,13,72,7,91
63,13,3,12,28
64,100,80,1,181
65,16,25,4,45
66,3,8,3,14
67,33,5,2,40
68,10,5,2,17
69,40,76,10,125
70,59,10,1,70
71,16,6,4,27
72,32,12,3,47
73,78,3,4,85
74,4,1,5,10
75,7,4,21,32
76,7,5,1,12
77,117,6,2,125
78,27,34,35,96
79,3,8,0,12
80,44,5,14,62
81,11,4,12,27
82,6,28,3,37
83,35,9,7,51
84,1,14,11,25
85,77,34,11,123
86,1,24,0,26
87,43,27,14,84
88,1,1,16,18
89,16,69,8,92
90,47,2,4,53
91,40,5,3,48
92,79,14,0,94
93,58,2,9,69
94,1,27,1,29
95,2,8,26,35
96,1,21,6,28
97,16,9,2,27
98,1,2,0,3
99,57,1,3,62
100,9,7,8,24
101,7,16,9,32
102,43,12,4,58
103,19,1,10,30
104,31,52,2,85
105,72,11,8,91
106,4,27,1,32
107,5,18,5,28
108,26,8,15,49
109,7,3,4,14
110,18,58,11,87
111,1,7,3,12
112,24,6,1,32
113,1,11,2,14
114,17,30,2,49
115,2,3,15,19
116,3,2,15,20
117,34,58,1,93
118,3,7,11,21
119,33,5,19,57
120,211,56,5,272
121,95,1,3,99
122,33,25,1,60
123,167,51,4,222
124,25,9,6,40
125,11,2,13,26
126,35,46,7,89
127,3,5,3,12
128,25,44,13,82
129,32,9,5,47
130,4,7,15,25
131,17,2,7,26
132,76,16,0,92
133,24,12,6,41
134,14,44,1,59
135,24,22,3,49
136,31,11,7,49
137,11,13,5,29
138,15,10,2,27
139,0,5,10,15
140,16,11,2,30
141,14,1,3,17
142,2,0,2,4
143,37,4,11,52
144,35,11,11,58
145,50,19,37,106
146,28,22,2,52
147,25,4,2,31
148,28,25,10,62
149,40,31,1,71
150,28,27,3,57
151,17,1,8,26
152,5,12,6,24
153,61,34,4,100
154,11,19,13,43
155,45,10,5,60
156,4,16,1,21
157,55,0,20,75
158,19,18,11,47
159,15,9,2,26
160,18,5,1,25
161,11,32,1,44
162,18,73,1,92
163,1,7,3,11
164,37,25,8,70
165,14,24,10,48
166,47,32,10,89
167,9,6,5,21
168,97,5,6,108
169,123,18,16,156
170,16,5,1,22
171,10,27,1,39
172,88,6,37,131
173,4,4,1,9
174,53,42,0,95
175,20,35,19,74
176,175,0,3,178
177,4,15,2,21
178,37,16,5,58
179,63,3,2,68
180,19,15,7,41
181,19,3,4,26
182,23,24,1,48
183,4,16,3,23
184,51,3,1,55
185,34,3,8,45
186,13,66,3,82
187,5,16,8,29
188,20,1,13,34
189,8,1,1,10
190,34,26,4,64
191,3,62,14,79
192,23,1,1,25
193,22,1,16,39
194,9,25,2,37
195,22,1,17,39
196,31,17,10,57
197,14,16,5,35
198,81,23,1,105
199,54,83,0,137
200,11,2,0,14
201,12,22,11,45
202,89,12,5,106
203,41,1,4,46
204,29,4,5,38
205,8,6,1,15
206,82,11,3,97
207,7,9,7,23
208,60,30,7,97
209,11,21,2,34
210,170,9,12,191
211,19,12,8,38
212,105,26,19,149
213,8,39,6,53
214,28,17,18,63
215,17,0,0,18
216,38,39,3,81
217,1,38,0,39
218,4,3,9,17
219,22,7,14,43
220,7,3,4,15
221,22,100,1,123
222,47,2,1,49
223,8,4,8,20
224,13,14,5,32
225,72,7,0,79
226,15,0,7,22
227,23,4,3,29
228,58,7,4,70
229,71,13,3,87
230,17,28,6,52
231,87,7,3,96
232,61,0,32,93
233,159,2,2,162
234,1,65,10,76
235,10,3,1,14
236,10,40,1,51
237,40,2,2,44
238,4,7,4,15
239,22,4,8,34
240,31,17,3,51
241,100,11,8,119
242,5,12,16,33
243,112,0,1,112
244,41,5,0,46
245,31,48,5,84
246,7,44,3,53
247,1,4,15,20
248,82,55,1,138
249,90,3,6,99
250,6,26,0,32
251,0,12,5,17
252,27,4,9,40
253,13,17,33,62
254,11,0,7,18
255,196,8,2,206
256,31,18,8,56
257,60,6,2,68
258,17,71,2,89
259,15,24,9,47
260,29,3,18,50
261,0,20,2,22
262,28,9,3,40
263,27,9,16,51
264,28,4,22,54
265,85,3,12,100
266,99,18,10,127
267,8,31,2,41
268,121,13,11,145
269,20,8,2,31
270,3,57,9,69
271,44,1,7,52
272,8,43,8,59
273,8,1,17,26
274,3,1,10,14
275,9,12,1,22
276,9,3,1,13
277,17,5,1,23
278,84,3,2,89
279,43,0,25,68
280,2,0,1,4
281,28,26,1,56
282,17,7,11,35
283,26,34,2,62
284,21,20,0,41
285,91,6,12,109
286,2,49,1,51
287,5,15,4,24
288,4,9,2,15
289,42,13,9,64
290,10,26,3,39
291,32,12,8,52
292,42,12,13,67
293,30,25,11,67
294,39,25,3,67
295,8,0,2,11
296,35,10,6,51
297,60,3,12,75
298,37,30,7,74
299,98,5,12,115
300,22,24,1,47
301,56,31,3,89
302,112,10,16,138
303,8,90,21,119
304,12,5,1,18
305,75,30,3,109
306,74,20,19,113
307,37,4,2,43
308,35,24,1,59
309,32,1,22,55
310,27,2,13,42
311,13,1,14,28
312,77,8,2,87
313,41,9,2,52
314,52,17,0,69
315,31,2,0,33
316,59,5,10,74
317,1,39,6,46
318,20,16,2,39
319,5,2,5,12
320,14,17,0,31
321,67,9,24,100
322,3,2,13,18
323,22,8,12,42
324,28,14,7,48
325,47,11,5,62
326,88,1,1,91
327,25,2,6,33
328,4,15,14,33
329,30,9,23,62
330,13,4,1,18
331,22,30,20,72
332,42,7,7,56
333,15,3,11,29
334,6,17,18,41
335,1,3,1,5
336,58,8,18,84
337,3,43,8,53
338,20,4,0,24
339,1,9,0,10
340,67,6,4,77
341,15,45,3,63
342,17,19,7,43
343,8,29,1,37
344,2,5,5,12
345,70,4,4,78
346,34,18,1,52
347,78,1,17,97
348,73,20,14,106
349,60,4,6,70
350,46,41,6,93
351,5,21,6,31
352,27,13,1,42
353,17,2,6,25
354,82,3,2,86
355,14,23,1,37
356,12,5,3,20
357,17,7,5,30
358,6,11,2,19
359,38,0,8,47
360,7,2,2,12
361,36,82,1,119
362,25,2,4,31
363,7,32,1,40
364,17,0,6,23
365,84,10,0,93
366,2,23,3,28
367,30,20,0,51
368,7,8,2,17
369,23,14,20,57
370,0,1,0,1
371,12,32,18,62
372,21,3,6,31
373,7,13,5,24
374,29,35,16,81
375,0,8,3,11
376,59,9,9,78
377,36,21,6,63
378,3,36,2,40
379,13,13,1,27
380,8,4,27,38
381,46,10,3,59
382,22,3,5,31
383,9,4,8,21
384,15,1,8,24
385,19,49,6,74
386,43,2,5,50
387,15,3,6,24
388,58,17,16,91
389,17,20,1,37
390,11,18,2,31
391,28,7,1,36
392,9,22,0,31
393,32,10,11,53
394,27,22,2,51
395,5,24,8,37
396,106,26,16,148
397,3,7,3,13
398,17,21,16,54
399,5,8,30,44
400,35,55,18,108
401,7,7,0,14
402,82,18,4,105
403,25,12,0,37
404,14,4,2,20
405,30,1,6,37
406,10,14,16,40
407,85,10,5,101
408,9,28,1,37
409,107,4,3,114
410,9,11,29,48
411,24,20,1,45
412,26,16,8,50
413,33,5,18,55
414,110,1,1,112
415,29,32,9,69
416,19,3,7,29
417,78,15,6,99
418,9,60,10,79
419,2,25,0,27
420,33,9,0,42
421,24,20,2,47
422,39,21,1,61
423,11,34,1,47
424,38,2,15,55
425,15,4,7,27
426,34,62,17,113
427,70,16,5,91
428,9,5,0,15
429,53,5,4,61
430,51,14,2,66
431,38,0,14,52
432,24,38,3,65
433,16,29,7,52
434,4,49,3,57
435,28,19,1,48
436,13,9,6,27
437,84,5,11,100
438,38,21,21,80
439,20,6,1,27
440,49,6,6,62
441,0,58,6,63
442,16,1,5,23
443,38,14,12,64
444,10,3,0,14
445,7,2,5,14
446,9,2,3,13
447,34,29,4,67
448,11,2,7,19
449,0,55,9,65
450,14,5,1,20
451,72,15,4,92
452,47,7,1,54
453,6,8,2,16
454,1,1,17,19
455,64,20,3,87
456,68,41,12,121
457,15,11,10,35
458,12,3,10,24
459,24,0,0,24
460,44,7,17,67
461,2,26,8,35
462,2,3,0,5
463,6,1,8,14
464,106,6,3,115
465,91,12,0,103
466,17,3,4,23
467,3,38,11,52
468,32,45,10,87
469,54,31,17,102
470,19,17,10,46
471,94,9,11,114
472,18,70,2,89
473,17,9,10,36
474,59,11,3,73
475,127,1,10,138
476,10,7,31,48
477,2,50,3,55
478,9,2,3,14
479,28,5,7,40
480,20,26,6,52
481,10,24,10,44
482,5,1,0,6
483,1,7,16,24
484,70,14,3,87
485,26,7,4,36
486,79,0,9,88
487,34,6,3,44
488,23,9,0,33
489,32,1,2,35
490,1,4,1,6
491,127,61,14,201
492,34,19,5,58
493,14,16,3,33
494,53,65,6,124
495,16,5,9,30
496,28,14,1,43
497,32,12,1,45
498,4,1,2,7
499,150,22,0,173
500,7,6,1,14
501,46,1,3,49
502,36,1,19,56
503,12,0,6,18
504,14,12,2,27
505,10,4,1,15
506,10,23,2,35
507,17,9,2,27
508,94,10,23,128
509,16,18,5,39
510,47,3,7,57
511,3,18,2,23
512,31,2,1,33
513,4,6,0,10
514,21,58,0,78
515,97,54,11,162
516,3,9,17,29
517,87,4,6,97
518,124,35,8,167
519,1,11,0,13
520,13,21,21,56
521,84,2,8,94
522,36,12,9,57
523,57,28,1,85
524,51,22,4,76
525,18,2,26,47
526,52,11,0,63
527,5,61,3,69
528,90,23,0,113
529,29,39,28,96
530,41,5,5,50
531,41,8,1,51
532,41,30,13,84
533,117,0,4,122
534,3,30,2,35
535,2,3,2,7
536,31,2,7,39
537,19,26,12,57
538,44,10,13,67
539,11,8,4,23
540,41,3,0,44
541,69,5,11,84
542,39,72,1,113
543,1,11,4,15
544,14,12,12,38
545,28,13,2,42
546,73,7,24,103
547,72,11,6,88
548,71,6,1,78
549,2,10,6,18
550,3,37,0,40
551,18,29,7,54
552,39,8,15,63
553,14,7,9,29
554,21,30,9,59
555,15,9,4,27
556,138,43,9,190
557,52,23,6,81
558,37,19,3,58
559,28,47,6,81
560,9,4,2,16
561,45,8,0,53
562,19,1,5,26
563,32,21,1,54
564,33,6,1,39
565,103,2,4,109
566,2,11,9,22
567,39,30,4,73
568,118,37,2,157
569,57,17,4,78
570,16,8,2,25
571,22,4,9,34
572,5,30,3,38
573,30,0,3,33
574,56,17,2,74
575,10,19,10,40
576,15,43,13,71
577,92,11,3,106
578,28,23,29,79
579,1,28,7,35
580,2,14,29,45
581,9,6,15,30
582,13,15,21,50
583,25,9,11,45
584,3,14,10,27
585,29,9,5,43
586,75,14,1,90
587,61,28,24,112
588,11,19,0,30
589,3,6,0,10
590,126,76,6,208
591,1,14,2,16
592,109,8,13,130
593,13,14,32,59
594,11,31,12,54
595,10,54,17,81
596,13,19,10,41
597,3,49,1,54
598,60,2,4,66
599,28,37,15,79
600,62,9,2,72
601,1,42,5,47
602,33,40,12,86
603,21,0,1,22
604,109,61,7,177
605,51,1,0,52
606,29,5,5,39
607,26,35,6,67
608,14,6,14,34
609,20,12,4,36
610,79,1,10,89
611,5,8,6,19
612,9,1,7,17
613,70,2,16,88
614,8,32,7,47
615,11,0,10,22
616,77,4,5,87
617,1,21,7,28
618,13,22,6,41
619,25,3,2,30
620,1,9,12,22
621,8,26,1,34
622,0,2,0,2
623,42,19,5,66
624,12,4,7,22
625,19,3,2,24
626,32,22,5,59
627,37,0,2,39
628,25,14,3,42
629,12,7,16,35
630,60,51,27,138
631,63,5,2,71
632,5,5,5,14
633,21,1,9,31
634,6,16,4,27
635,87,13,5,105
636,4,21,1,27
637,58,23,3,83
638,5,29,12,45
639,17,18,0,35
640,17,3,3,24
641,30,5,0,36
642,0,16,6,23
643,61,5,9,75
644,20,6,4,31
645,97,18,0,115
646,1,6,3,11
647,10,1,0,10
648,15,26,12,53
649,99,14,3,116
650,11,7,5,22
651,20,15,2,37
652,23,6,1,31
653,182,21,3,206
654,1,22,18,41
655,38,28,5,71
656,10,20,11,40
657,1,12,2,15
658,59,2,5,65
659,29,1,15,45
660,21,46,4,71
661,21,0,8,29
662,9,29,1,39
663,37,15,4,55
664,11,3,2,17
665,1,23,15,39
666,85,38,6,130
667,84,14,8,105
668,31,3,3,37
669,7,1,6,14
670,32,8,2,42
671,24,7,7,38
672,62,4,12,78
673,1,13,23,37
674,31,3,0,34
675,24,10,2,36
676,2,24,3,29
677,95,33,6,134
678,2,63,10,74
679,44,20,8,72
680,45,18,6,68
681,57,1,2,59
682,12,24,5,41
683,4,57,3,63
684,0,26,21,47
685,21,21,50,92
686,33,16,1,51
687,36,3,10,49
688,70,19,8,97
689,7,3,4,14
690,47,7,6,60
691,29,31,3,63
692,4,8,17,29
693,39,2,11,52
694,3,15,1,19
695,16,4,17,38
696,12,48,1,61
697,55,0,0,56
698,63,28,6,98
699,56,83,5,145
700,51,10,4,65
701,4,2,9,15
702,5,8,2,15
703,17,2,1,20
704,5,16,6,27
705,44,28,2,74
706,18,8,3,29
707,14,38,2,55
708,7,14,0,21
709,27,49,1,77
710,36,1,2,38
711,19,3,23,45
712,15,43,1,59
713,4,15,1,20
714,15,47,14,76
715,100,30,1,131
716,31,15,1,47
717,1,12,0,13
718,191,37,1,230
719,11,18,6,35
720,87,3,29,120
721,13,13,3,29
722,29,6,15,50
723,12,5,4,21
724,36,30,9,75
725,11,49,1,60
726,2,2,17,21
727,53,1,13,66
728,44,22,1,67
729,27,37,7,72
730,61,7,0,68
731,77,59,22,158
732,9,4,19,32
733,16,12,3,31
734,7,3,7,17
735,25,5,21,51
736,25,37,9,71
737,14,13,4,31
738,23,28,3,54
739,26,0,11,37
740,80,13,7,99
741,99,10,17,127
742,33,28,10,71
743,12,6,3,21
744,14,18,12,44
745,5,1,5,10
746,6,23,3,32
747,3,0,4,8
748,59,3,7,69
749,37,49,5,92
750,39,7,3,49
751,102,15,0,118
752,21,19,6,46
753,15,12,2,29
754,127,11,14,152
755,52,13,1,66
756,19,1,19,39
757,24,20,2,46
758,28,5,9,42
759,36,3,3,42
760,8,72,1,81
761,48,1,21,71
762,11,23,5,39
763,72,40,6,117
764,34,23,1,58
765,1,22,4,26
766,84,22,2,108
767,37,16,9,62
768,1,10,15,26
769,11,5,1,17
770,43,6,7,57
771,3,17,2,22
772,3,31,12,46
773,16,1,21,38
774,122,23,10,154
775,4,82,0,86
776,110,5,4,119
777,17,16,7,40
778,7,26,3,37
779,12,1,1,14
780,32,22,1,55
781,38,16,1,55
782,20,19,9,48
783,59,4,10,73
784,5,16,19,40
785,42,8,8,58
786,55,23,5,83
787,15,10,30,55
788,25,10,5,41
789,24,20,1,44
790,10,2,0,13
791,23,6,5,35
792,30,14,3,47
793,25,62,5,91
794,11,6,12,29
795,15,3,9,26
796,3,15,9,27
797,18,12,8,38
798,2,8,0,10
799,43,5,3,51
800,5,9,5,19
801,8,3,1,12
802,17,25,14,56
803,34,8,9,51
804,39,11,4,53
805,19,22,5,46
806,14,35,12,60
807,30,36,13,79
808,25,16,20,61
809,30,16,1,48
810,10,32,8,50
811,16,33,2,52
812,7,10,4,22
813,17,1,2,20
814,77,31,9,116
815,21,52,1,74
816,12,9,2,24
817,6,24,24,54
818,24,61,2,88
819,0,10,11,22
820,62,39,6,107
821,24,74,11,110
822,40,34,3,78
823,32,28,5,66
824,50,18,3,71
825,26,12,1,39
826,20,13,3,37
827,31,1,2,33
828,16,22,8,45
829,157,30,1,188
830,35,3,6,44
831,60,21,1,82
832,36,6,14,56
833,7,2,2,11
834,3,7,9,19
835,13,15,14,42
836,37,18,2,56
837,51,32,11,93
838,117,3,5,125
839,8,18,2,29
840,19,57,3,79
841,18,14,13,45
842,12,34,3,48
843,31,7,12,50
844,13,13,6,31
845,22,3,8,33
846,65,12,3,80
847,20,33,0,54
848,30,25,4,59
849,18,13,9,40
850,19,4,5,28
851,53,56,14,123
852,30,0,11,42
853,26,1,0,27
854,13,83,10,106
855,15,20,8,43
856,10,6,1,17
857,69,10,3,83
858,60,9,0,69
859,10,30,4,43
860,8,4,5,17
861,34,22,6,62
862,28,3,6,37
863,31,15,7,53
864,19,67,7,93
865,6,7,10,23
866,11,8,5,24
867,2,6,12,20
868,24,17,5,46
869,156,9,6,171
870,24,1,6,32
871,46,15,0,61
872,14,48,5,67
873,14,9,1,24
874,26,5,2,33
875,6,30,2,38
876,1,43,6,51
877,29,5,4,38
878,40,20,11,71
879,2,10,2,15
880,8,0,6,14
881,77,17,3,96
882,28,4,1,33
883,41,28,13,82
884,43,15,3,60
885,32,2,4,38
886,75,6,1,82
887,1,60,1,62
888,20,9,4,33
889,3,2,3,8
890,50,12,10,71
891,190,40,3,232
892,69,4,0,73
893,16,66,15,98
894,53,21,9,83
895,32,0,3,35
896,8,25,11,44
897,26,6,11,44
898,11,5,1,16
899,74,26,6,106
900,6,30,1,37
901,15,18,2,34
902,42,1,4,47
903,1,58,5,63
904,56,0,0,56
905,38,6,23,67
906,15,8,2,26
907,35,2,5,42
908,30,17,24,71
909,21,3,8,33
910,26,22,16,64
911,12,17,0,29
912,43,2,0,44
913,33,1,7,41
914,13,10,34,58
915,56,27,1,84
916,13,44,23,80
917,26,2,2,30
918,30,21,3,54
919,10,8,8,26
920,49,3,2,53
921,43,6,4,53
922,44,22,1,66
923,4,4,4,12
924,1,12,2,15
925,2,13,1,16
926,17,4,1,22
927,46,7,16,69
928,7,10,3,20
929,12,3,0,15
930,11,8,1,20
931,14,4,40,57
932,19,11,12,42
933,27,5,3,34
934,60,50,11,121
935,34,9,18,61
936,28,5,18,52
937,8,23,12,43
938,40,39,5,84
939,22,35,1,59
940,13,21,4,37
941,30,11,16,58
942,50,3,1,54
943,15,46,4,66
944,77,17,11,104
945,21,16,1,38
946,24,20,0,44
947,6,1,0,7
948,22,0,1,24
949,2,6,10,17
950,1,13,4,18
951,6,6,1,13
952,32,86,5,123
953,29,92,3,124
954,7,1,8,16
955,34,3,4,41
956,22,2,25,50
957,17,11,2,31
958,63,3,11,77
959,0,17,3,21
960,43,8,9,60
961,28,14,2,43
962,37,0,6,43
963,54,6,6,65
964,30,5,9,45
965,49,4,5,57
966,18,43,0,61
967,7,2,3,13
968,80,21,22,123
969,83,24,4,111
970,18,7,1,26
971,24,8,5,37
972,4,13,14,31
973,4,15,20,39
974,25,21,4,49
975,46,4,3,52
976,15,32,4,50
977,25,0,10,35
978,2,3,2,7
979,6,0,3,9
980,16,11,11,38
981,11,29,3,43
982,16,22,9,47
983,87,24,11,123
984,6,11,7,25
985,50,25,2,77
986,28,5,7,40
987,4,23,1,28
988,4,2,2,8
989,34,3,0,37
990,70,20,4,95
991,30,51,10,90
992,63,14,13,90
993,25,60,2,86
994,22,21,4,47
995,37,4,9,50
996,0,39,4,43
997,15,17,2,34
998,49,33,5,87
999,9,15,13,38
1000,16,4,27,47
1001,37,31,1,68
1002,1,11,2,13
1003,11,41,2,53
1004,51,13,2,66
1005,22,6,15,43
1006,22,20,1,44
1007,51,12,6,68
1008,73,19,3,94
1009,31,32,1,64
1010,8,0,4,13
1011,23,12,10,45
1012,76,24,0,100
1013,0,3,5,8
1014,77,53,3,134
1015,55,23,1,79
1016,19,7,6,31
1017,5,1,8,15
1018,0,30,3,33
1019,117,10,3,130
1020,45,5,4,54
1021,22,10,2,34
1022,14,20,1,35
1023,0,2,16,18
1024,5,9,11,25
1025,37,48,23,109
1026,3,3,23,29
1027,29,5,0,35
1028,17,13,6,36
1029,8,3,17,28
1030,35,11,20,67
1031,26,17,5,48
1032,10,2,4,16
1033,43,132,1,176
1034,19,36,3,59
1035,1,17,6,23
1036,41,2,6,49
1037,50,11,2,63
1038,0,21,17,38
1039,2,2,8,12
1040,93,1,1,95
1041,260,1,0,262
1042,16,38,4,58
1043,20,4,1,25
1044,9,31,6,46
1045,35,13,24,72
1046,2,5,9,17
1047,24,56,19,99
1048,3,22,15,40
1049,3,5,17,25
1050,77,4,5,86
1051,12,18,1,30
1052,59,1,11,71
1053,10,18,12,39
1054,9,21,6,36
1055,61,18,0,79
1056,4,21,1,26
1057,21,8,12,41
1058,28,9,13,49
1059,17,8,1,27
1060,16,40,7,63
1061,53,20,2,76
1062,12,17,33,61
1063,70,2,14,87
1064,33,4,2,39
1065,27,15,4,47
1066,38,11,1,50
1067,29,29,9,67
1068,96,24,5,125
1069,37,9,2,48
1070,35,4,6,46
1071,43,3,1,47
1072,16,12,11,39
1073,29,16,21,66
1074,35,1,1,37
1075,54,13,2,69
1076,23,24,2,49
1077,4,42,2,48
1078,12,9,4,25
1079,8,1,3,12
1080,16,10,8,34
1081,30,12,2,44
1082,18,47,13,78
1083,20,59,11,90
1084,3,6,15,25
1085,42,6,1,50
1086,13,26,6,45
1087,21,14,8,43
1088,34,45,8,87
1089,3,13,1,18
1090,44,3,13,59
1091,35,26,11,73
1092,0,1,3,5
1093,29,17,1,48
1094,44,29,1,74
1095,10,5,0,16
1096,71,1,1,73
1097,102,58,2,163
1098,5,8,10,23
1099,77,61,14,152
1100,35,19,12,66
1101,67,0,16,83
1102,34,13,3,50
1103,4,5,0,10
1104,7,41,13,60
1105,1,38,12,52
1106,28,36,1,64
1107,21,13,5,38
1108,29,36,16,81
1109,0,42,2,44
1110,20,36,7,63
1111,84,19,1,105
1112,108,9,0,118
1113,3,16,12,31
1114,9,8,6,23
1115,49,25,18,93
1116,12,13,1,26
1117,7,14,6,27
1118,14,42,31,87
1119,34,5,1,41
1120,15,23,3,41
1121,9,15,4,27
1122,13,24,2,39
1123,52,12,1,65
1124,6,23,1,30
1125,50,12,23,86
1126,63,2,6,71
1127,80,0,1,81
1128,49,4,4,57
1129,13,2,2,17
1130,22,7,11,40
1131,19,3,4,25
1132,14,22,3,39
1133,39,45,1,84
1134,33,73,11,118
1135,4,24,6,34
1136,22,6,13,41
1137,17,9,2,28
1138,7,2,4,13
1139,24,2,7,33
1140,5,20,8,33
1141,16,11,12,39
1142,24,20,2,46
1143,15,14,4,32
1144,17,34,2,53
1145,21,32,2,55
1146,64,28,1,94
1147,24,7,1,31
1148,5,14,4,23
1149,48,14,18,79
1150,51,22,30,103
1151,26,1,0,27
1152,25,10,1,36
1153,219,13,6,238
1154,38,7,4,49
1155,58,23,9,90
1156,46,3,3,52
1157,22,28,8,58
1158,83,16,2,101
1159,38,12,21,71
1160,27,18,9,53
1161,39,12,3,54
1162,2,8,14,24
1163,93,32,29,153
1164,17,4,0,21
1165,55,14,3,71
1166,29,39,5,74
1167,69,4,3,76
1168,17,5,4,26
1169,141,15,1,157
1170,11,14,12,38
1171,1,36,0,38
1172,1,18,13,32
1173,32,3,4,38
1174,8,16,2,26
1175,8,13,1,22
1176,42,5,2,50
1177,3,6,5,15
1178,32,4,10,46
1179,64,32,4,101
1180,38,8,1,47
1181,5,5,0,10
1182,50,0,0,51
1183,34,23,0,57
1184,23,20,8,51
1185,29,2,2,33
1186,30,5,3,39
1187,60,11,22,93
1188,28,14,5,46
1189,36,3,21,60
1190,41,14,3,58
1191,11,4,2,17
1192,19,3,10,32
1193,40,12,1,53
1194,35,4,9,48
1195,91,14,5,110
1196,10,6,0,15
1197,24,0,6,30
1198,55,14,1,69
1199,28,25,2,56
1200,6,11,15,32
1201,50,26,24,100
1202,16,1,0,17
1203,35,3,2,39
1204,6,9,0,15
1205,4,22,1,28
1206,13,27,1,41
1207,21,4,3,28
1208,61,45,3,108
1209,20,0,7,27
1210,81,25,12,118
1211,13,27,7,47
1212,28,39,9,75
1213,48,0,2,50
1214,3,29,7,39
1215,0,24,8,33
1216,2,15,5,22
1217,22,7,0,29
1218,7,37,4,47
1219,14,28,5,48
1220,78,18,0,96
1221,76,34,15,124
1222,32,53,13,98
1223,3,42,1,46
1224,114,1,3,118
1225,16,19,10,44
1226,49,18,15,81
1227,21,75,2,98
1228,63,2,5,70
1229,1,0,1,2
1230,15,6,3,25
1231,40,45,0,85
1232,53,4,0,57
1233,54,17,1,71
1234,54,6,9,69
1235,104,6,33,142
1236,12,10,11,32
1237,8,1,14,24
1238,29,16,1,47
1239,134,17,7,157
1240,45,0,9,54
1241,46,13,8,68
1242,60,15,2,76
1243,34,15,2,51
1244,27,14,22,63
1245,1,6,5,12
1246,31,2,1,35
1247,7,84,0,91
1248,14,5,5,24
1249,2,97,10,110
1250,4,15,3,23
1251,0,19,5,24
1252,18,1,1,20
1253,9,17,34,60
1254,36,12,17,64
1255,33,1,0,35
1256,19,14,5,38
1257,4,6,20,29
1258,6,11,12,29
1259,44,8,7,60
1260,8,6,16,29
1261,16,2,1,19
1262,109,2,12,123
1263,27,2,13,41
1264,23,11,18,51
1265,38,55,2,94
1266,35,10,6,51
1267,37,7,17,62
1268,183,32,1,216
1269,10,16,6,32
1270,50,7,17,74
1271,21,43,5,69
1272,54,18,3,75
1273,28,14,3,46
1274,38,11,15,64
1275,19,43,1,64
1276,4,4,1,9
1277,21,36,3,61
1278,15,15,4,34
1279,49,7,2,58
1280,14,15,2,31
1281,38,20,1,59
1282,25,9,3,37
1283,4,28,0,32
1284,24,7,2,33
1285,13,3,3,19
1286,93,7,1,101
1287,16,2,1,19
1288,25,0,1,26
1289,3,11,3,17
1290,2,23,1,25
1291,35,38,5,79
1292,3,29,6,38
1293,99,2,10,111
1294,65,29,3,96
1295,16,1,0,17
1296,13,0,6,19
1297,80,21,24,126
1298,17,31,16,64
1299,5,24,1,30
1300,51,0,10,61
1301,76,14,7,97
1302,7,1,0,8
1303,9,4,10,23
1304,24,11,3,38
1305,68,0,2,70
1306,22,3,4,29
1307,7,12,4,23
1308,43,39,4,85
1309,23,15,3,42
1310,16,9,0,26
1311,69,7,5,81
1312,15,5,4,24
1313,14,18,3,36
1314,10,4,1,15
1315,62,15,4,82
1316,32,41,1,74
1317,45,12,0,57
1318,37,21,10,68
1319,109,19,10,139
1320,106,10,6,123
1321,59,6,5,70
1322,5,1,6,13
1323,32,4,2,39
1324,22,33,0,55
1325,18,1,7,25
1326,90,15,6,111
1327,43,20,5,68
1328,45,25,8,79
1329,113,12,4,129
1330,7,17,2,26
1331,1,4,7,12
1332,36,100,3,140
1333,20,7,9,36
1334,1,6,1,8
1335,69,31,1,101
1336,14,16,10,40
1337,9,62,1,72
1338,60,4,5,68
1339,65,73,1,139
1340,18,2,0,20
1341,40,16,0,56
1342,26,22,10,57
1343,20,0,3,24
1344,6,37,1,44
1345,13,4,7,25
1346,36,3,5,43
1347,94,4,1,99
1348,29,3,22,54
1349,44,5,7,56
1350,25,25,15,66
1351,14,41,5,60
1352,17,12,2,31
1353,76,4,3,83
1354,72,12,16,100
1355,8,4,6,19
1356,27,1,19,47
1357,18,4,3,24
1358,15,3,8,26
1359,20,5,8,33
1360,12,4,1,17
1361,50,25,14,89
1362,21,5,27,53
1363,0,1,1,2
1364,41,7,2,49
1365,8,2,2,12
1366,26,2,3,32
1367,56,18,3,77
1368,12,5,6,23
1369,43,9,9,60
1370,12,3,4,19
1371,52,7,3,63
1372,12,6,3,20
1373,14,49,9,72
1374,65,18,6,89
1375,15,15,4,35
1376,21,5,4,29
1377,20,5,1,25
1378,22,6,3,31
1379,3,22,2,26
1380,26,18,4,48
1381,6,3,6,15
1382,77,28,13,117
1383,35,5,2,43
1384,19,20,3,41
1385,23,18,0,41
1386,3,39,3,45
1387,32,18,0,51
1388,10,9,12,31
1389,50,4,3,57
1390,39,60,8,107
1391,32,7,5,44
1392,218,8,9,236
1393,22,7,9,37
1394,15,13,4,31
1395,18,12,5,35
1396,35,8,39,82
1397,23,46,8,77
1398,10,46,3,59
1399,7,4,13,23
1400,6,49,25,80
1401,17,21,5,43
1402,10,10,1,20
1403,42,11,6,58
1404,135,2,11,147
1405,60,40,12,112
1406,17,5,8,30
1407,6,2,0,8
1408,9,9,2,20
1409,16,3,2,21
1410,42,34,27,104
1411,19,8,14,40
1412,64,4,26,94
1413,77,28,6,111
1414,28,27,4,59
1415,16,37,1,54
1416,25,13,1,40
1417,91,15,3,108
1418,94,9,11,113
1419,49,20,6,76
1420,7,15,0,23
1421,16,27,23,66
1422,6,17,1,23
1423,1,9,2,12
1424,3,4,3,10
1425,1,0,1,2
1426,61,64,5,129
1427,124,1,10,135
1428,58,7,9,74
1429,42,48,3,93
1430,71,2,3,76
1431,41,25,10,76
1432,21,3,12,36
1433,8,2,17,27
1434,45,3,9,58
1435,5,22,2,29
1436,3,7,1,12
1437,100,9,4,113
1438,74,43,0,117
1439,18,2,15,35
1440,70,2,5,77
1441,18,0,0,18
1442,11,20,2,33
1443,19,11,6,36
1444,13,16,9,39
1445,38,29,7,74
1446,6,2,1,9
1447,18,5,5,27
1448,61,20,5,85
1449,35,29,15,79
1450,36,11,2,49
1451,3,0,2,5
1452,5,37,0,42
1453,3,9,17,30
1454,13,19,4,36
1455,7,30,0,38
1456,4,1,10,15
1457,67,12,5,85
1458,63,9,5,77
1459,115,3,1,119
1460,24,9,1,34
1461,32,32,4,68
1462,91,45,9,145
1463,56,1,5,61
1464,138,16,36,191
1465,30,12,2,44
1466,57,14,9,80
1467,34,43,3,80
1468,4,1,8,13
1469,19,7,9,34
1470,27,2,1,30
1471,125,34,4,163
1472,41,26,4,72
1473,41,1,14,56
1474,10,3,18,31
1475,6,6,2,14
1476,58,36,6,100
1477,3,1,6,10
1478,21,8,3,32
1479,14,2,12,28
1480,2,17,8,27
1481,26,1,2,30
1482,17,22,0,39
1483,28,2,6,37
1484,9,12,7,29
1485,13,1,2,16
1486,25,64,14,102
1487,5,2,3,10
1488,12,20,5,37
1489,6,13,3,22
1490,2,3,1,6
1491,42,20,4,65
1492,39,21,31,91
1493,27,5,16,49
1494,5,32,21,57
1495,13,8,4,26
1496,37,2,4,42
1497,24,44,8,76
1498,6,13,31,50
1499,10,5,4,19
1500,22,65,0,87
1501,11,13,3,27
1502,44,5,5,54
1503,6,12,4,22
1504,43,80,2,125
1505,74,36,11,121
1506,62,21,3,87
1507,24,3,7,35
1508,33,1,7,40
1509,69,28,9,106
1510,11,3,0,14
1511,20,14,11,45
1512,8,55,1,65
1513,20,59,7,85
1514,51,47,8,105
1515,20,9,0,30
1516,1,22,22,45
1517,6,11,6,23
1518,74,5,0,79
1519,18,39,6,63
1520,7,4,9,20
1521,5,1,21,26
1522,58,26,7,92
1523,37,19,9,66
1524,11,4,0,15
1525,35,2,3,40
1526,10,6,0,16
1527,93,15,0,109
1528,38,12,6,55
1529,9,11,2,22
1530,46,31,0,78
1531,4,5,3,12
1532,52,22,5,79
1533,6,19,7,32
1534,4,32,10,46
1535,7,31,14,52
1536,33,8,13,54
1537,1,24,8,33
1538,20,1,1,23
1539,15,7,1,23
1540,7,15,1,23
1541,10,3,13,26
1542,40,8,7,54
1543,46,6,1,54
1544,5,8,4,17
1545,48,20,2,70
1546,21,38,3,63
1547,29,0,0,30
1548,5,35,19,60
1549,9,9,4,22
1550,45,32,10,87
1551,83,1,2,86
1552,98,11,8,117
1553,38,6,1,46
1554,9,15,2,27
1555,18,21,19,58
1556,3,53,2,58
1557,9,15,19,44
1558,44,27,7,77
1559,11,8,7,27
1560,44,20,1,66
1561,96,9,9,114
1562,53,3,4,59
1563,6,4,4,14
1564,21,7,14,42
1565,116,51,4,171
1566,16,16,1,33
1567,11,26,20,57
1568,65,16,12,93
1569,8,5,1,14
1570,10,46,18,75
1571,28,94,9,132
1572,140,7,14,161
1573,13,4,15,32
1574,78,15,1,93
1575,12,6,8,26
1576,9,0,2,11
1577,22,11,7,40
1578,1,16,4,21
1579,106,21,4,131
1580,0,1,9,10
1581,60,9,11,80
1582,27,5,2,33
1583,9,10,10,28
1584,13,3,1,17
1585,10,1,7,18
1586,47,5,5,57
1587,95,50,3,148
1588,7,72,7,86
1589,7,5,0,13
1590,60,9,5,73
1591,31,19,6,56
1592,69,23,5,96
1593,34,9,10,52
1594,89,32,4,124
1595,4,26,6,37
1596,51,13,1,65
1597,3,8,3,15
1598,39,20,11,69
1599,0,3,1,5
1600,7,6,5,18
1601,9,29,3,41
1602,28,2,5,35
1603,26,0,1,27
1604,41,8,10,59
1605,94,3,2,99
1606,44,31,0,75
1607,17,11,1,29
1608,34,15,1,49
1609,89,25,9,124
1610,60,1,3,63
1611,55,8,3,66
1612,6,25,17,49
1613,117,3,10,130
1614,14,1,0,15
1615,22,9,8,40
1616,30,9,1,40
1617,5,4,2,11
1618,10,47,6,63
1619,4,18,3,24
1620,29,18,6,52
1621,87,11,3,100
1622,20,15,13,49
1623,15,0,1,16
1624,56,9,2,66
1625,54,8,4,66
1626,2,44,0,47
1627,53,13,2,69
1628,2,11,1,14
1629,16,4,10,31
1630,8,1,4,13
1631,23,56,1,79
1632,87,8,5,100
1633,9,11,9,29
1634,5,32,16,53
1635,28,29,4,61
1636,58,0,3,62
1637,28,1,5,35
1638,67,4,6,77
1639,121,3,10,134
1640,18,32,1,52
1641,4,26,1,31
1642,36,5,19,60
1643,15,39,5,59
1644,12,3,3,17
1645,62,39,1,101
1646,5,4,17,27
1647,22,15,8,46
1648,30,20,4,53
1649,11,21,5,37
1650,19,6,5,29
1651,31,55,10,96
1652,17,8,1,25
1653,11,10,12,33
1654,25,37,3,65
1655,12,10,6,28
1656,14,8,9,31
1657,4,5,3,12
1658,121,25,4,150
1659,19,44,11,74
1660,19,2,4,24
1661,36,7,6,48
1662,10,6,12,27
1663,22,11,8,40
1664,12,25,11,47
1665,7,5,3,15
1666,26,7,12,45
1667,55,7,0,62
1668,12,4,2,19
1669,25,10,6,41
1670,14,9,0,23
1671,2,2,2,5
1672,9,24,5,37
1673,53,33,10,95
1674,30,3,2,35
1675,11,24,1,37
1676,4,2,15,21
1677,7,4,11,22
1678,22,13,2,37
1679,2,27,10,39
1680,39,4,0,43
1681,29,4,20,53
1682,3,8,14,25
1683,1,9,1,11
1684,3,31,8,41
1685,45,0,9,54
1686,23,5,28,56
1687,27,39,1,66
1688,24,17,14,55
1689,12,25,5,43
1690,14,18,0,32
1691,4,94,7,106
1692,41,15,9,66
1693,68,18,12,98
1694,85,2,8,95
1695,18,17,12,46
1696,2,35,3,39
1697,60,9,12,81
1698,71,41,11,124
1699,14,9,8,31
1700,29,1,1,32
1701,81,39,8,128
1702,18,51,34,103
1703,0,77,13,90
1704,24,7,1,32
1705,13,28,2,43
1706,27,3,7,37
1707,135,21,0,157
1708,3,37,1,41
1709,17,1,6,23
1710,85,12,14,112
1711,80,33,1,115
1712,24,14,1,39
1713,24,23,3,50
1714,3,1,4,7
1715,24,13,2,40
1716,45,15,7,67
1717,7,3,21,31
1718,32,9,8,49
1719,37,10,25,73
1720,90,57,1,148
1721,15,20,17,53
1722,52,19,4,75
1723,11,41,1,53
1724,2,28,0,31
1725,54,31,0,85
1726,15,25,7,47
1727,36,31,6,72
1728,10,10,1,21
1729,6,6,4,15
1730,45,7,8,59
1731,32,28,2,62
1732,24,41,6,71
1733,16,4,7,27
1734,27,7,2,36
1735,31,11,29,72
1736,111,36,7,155
1737,9,4,5,18
1738,77,3,3,82
1739,89,1,4,94
1740,54,15,5,74
1741,7,9,4,20
1742,26,17,10,53
1743,47,18,7,72
1744,13,5,1,19
1745,70,28,9,107
1746,163,9,0,172
1747,127,6,4,137
1748,19,21,17,57
1749,120,1,4,125
1750,75,7,5,87
1751,68,20,15,103
1752,15,45,7,67
1753,16,9,4,28
1754,11,12,19,42
1755,8,88,4,100
1756,72,41,7,120
1757,19,5,22,46
1758,26,17,15,58
1759,25,1,0,26
1760,82,50,7,140
1761,122,20,0,142
1762,13,19,4,35
1763,37,10,9,55
1764,15,43,1,60
1765,58,4,1,63
1766,2,9,18,30
1767,6,5,31,42
1768,68,18,3,89
1769,80,18,6,104
1770,48,5,5,58
1771,9,7,6,22
1772,1,6,2,8
1773,20,8,12,40
1774,6,1,4,12
1775,14,20,2,36
1776,17,2,7,26
1777,51,40,2,93
1778,6,34,4,44
1779,5,8,2,15
1780,3,2,3,7
1781,0,0,12,13
1782,25,15,2,42
1783,66,3,6,75
1784,26,12,4,42
1785,89,2,3,94
1786,12,10,3,25
1787,53,40,11,104
1788,9,11,9,29
1789,24,38,10,72
1790,24,6,6,35
1791,5,7,5,17
1792,16,69,19,105
1793,79,48,7,134
1794,76,12,7,95
1795,65,13,1,79
1796,3,14,20,37
1797,172,9,14,195
1798,12,13,16,40
1799,51,5,4,61
1800,66,22,1,88
1801,43,25,13,81
1802,53,18,5,76
1803,46,9,22,76
1804,2,33,22,57
1805,11,0,2,13
1806,13,55,3,70
1807,24,4,0,29
1808,50,7,6,63
1809,28,4,1,33
1810,64,3,2,69
1811,144,23,0,167
1812,5,26,5,36
1813,73,22,11,105
1814,29,37,2,68
1815,12,4,21,36
1816,2,54,2,59
1817,22,36,2,60
1818,39,12,8,58
1819,4,4,17,25
1820,50,20,3,73
1821,1,19,2,22
1822,19,12,6,37
1823,24,16,2,42
1824,11,25,1,37
1825,49,6,3,58
1826,31,11,0,43
1827,22,0,2,24
1828,3,17,1,20
1829,0,16,9,25
1830,1,16,11,27
1831,14,7,4,24
1832,30,30,0,60
1833,4,2,4,10
1834,5,5,11,20
1835,50,7,5,62
1836,14,30,16,60
1837,5,1,8,14
1838,10,50,5,65
1839,38,37,11,86
1840,75,1,3,79
1841,16,74,9,99
1842,20,2,15,37
1843,59,5,23,87
1844,2,5,4,10
1845,31,18,5,53
1846,17,3,3,23
1847,27,39,2,68
1848,66,11,1,78
1849,32,7,4,43
1850,103,68,4,175
1851,60,0,0,60
1852,44,4,2,49
1853,11,14,7,31
1854,35,16,3,55
1855,48,8,1,57
1856,64,72,6,141
1857,23,1,4,28
1858,46,6,1,53
1859,58,33,0,91
1860,8,19,6,33
1861,14,0,1,15
1862,49,10,0,59
1863,11,16,3,30
1864,30,48,14,92
1865,63,11,0,74
1866,23,18,2,43
1867,1,23,3,26
1868,3,11,2,16
1869,94,34,1,128
1870,5,1,4,10
1871,34,14,1,49
1872,72,5,7,84
1873,60,2,5,67
1874,11,61,1,73
1875,34,46,8,88
1876,2,59,4,65
1877,15,5,8,28
1878,21,2,9,32
1879,17,54,3,73
1880,17,0,3,21
1881,44,24,13,82
1882,13,3,2,18
1883,33,1,3,37
1884,30,22,13,65
1885,46,16,7,70
1886,105,25,3,133
1887,7,2,1,10
1888,36,5,18,59
1889,7,6,0,13
1890,9,5,5,19
1891,68,9,4,81
1892,39,17,15,71
1893,79,16,27,121
1894,3,1,9,13
1895,54,8,2,64
1896,5,1,5,11
1897,51,17,2,70
1898,29,38,8,75
1899,40,6,3,49
1900,23,3,5,31
1901,48,19,6,74
1902,7,2,5,13
1903,81,13,7,101
1904,14,13,24,52
1905,62,32,3,97
1906,14,2,5,21
1907,114,62,19,195
1908,6,3,10,19
1909,4,15,6,25
1910,1,63,3,67
1911,46,11,0,57
1912,6,22,2,29
1913,46,5,1,52
1914,53,10,3,66
1915,15,27,7,49
1916,41,4,3,47
1917,119,7,12,138
1918,4,9,5,17
1919,2,35,13,50
1920,9,1,0,10
1921,140,4,1,144
1922,126,42,5,173
1923,9,18,1,28
1924,10,14,13,37
1925,1,11,10,22
1926,57,0,4,61
1927,16,5,0,21
1928,5,23,18,45
1929,21,7,5,34
1930,11,27,14,51
1931,31,17,10,58
1932,134,16,6,156
1933,13,1,6,21
1934,3,50,2,54
1935,7,5,7,20
1936,11,2,3,16
1937,1,2,3,6
1938,24,21,4,49
1939,48,21,5,74
1940,65,2,1,67
1941,32,12,13,57
1942,3,0,2,5
1943,3,54,4,62
1944,56,5,7,67
1945,99,20,17,137
1946,3,28,0,31
1947,10,9,8,28
1948,27,6,3,35
1949,75,2,4,80
1950,55,26,2,83
1951,9,24,9,42
1952,26,27,11,64
1953,26,17,4,47
1954,2,9,2,13
1955,104,42,10,157
1956,31,11,0,42
1957,9,36,4,49
1958,21,0,13,34
1959,10,38,4,52
1960,0,47,5,51
1961,5,6,8,19
1962,27,14,3,44
1963,33,19,9,60
1964,8,4,3,15
1965,19,5,1,25
1966,2,4,0,7
1967,1,7,5,13
1968,30,34,1,65
1969,90,13,0,103
1970,24,2,2,29
1971,11,36,2,49
1972,24,31,14,69
1973,50,4,3,58
1974,2,22,8,31
1975,34,4,1,40
1976,4,42,1,47
1977,19,33,7,59
1978,28,13,2,42
1979,24,3,9,35
1980,35,4,8,47
1981,9,8,4,21
1982,25,24,8,57
1983,10,6,2,17
1984,13,4,12,29
1985,77,16,0,94
1986,0,14,3,17
1987,45,7,15,67
1988,6,11,2,19
1989,23,14,9,45
1990,31,3,1,35
1991,12,80,6,98
1992,1,5,1,8
1993,24,15,4,43
1994,69,17,2,89
1995,84,6,4,94
1996,2,12,5,19
1997,11,19,11,42
1998,8,43,1,52
1999,51,10,24,85
2000,22,3,10,34
2001,21,4,0,26
2002,78,32,7,117
2003,54,19,1,74
2004,27,9,7,43
2005,21,3,19,42
2006,11,6,1,17
2007,13,8,36,56
2008,59,0,5,64
2009,47,1,3,52
2010,12,2,0,15
2011,32,10,11,52
2012,80,2,9,91
2013,11,22,2,36
2014,59,9,4,71
2015,132,65,4,201
2016,37,16,5,57
2017,1,26,3,30
2018,4,5,8,17
2019,79,25,12,116
2020,7,5,8,20
2021,67,5,19,92
2022,7,50,13,71
2023,4,24,2,30
2024,1,26,2,29
2025,6,18,19,43
2026,6,14,4,24
2027,27,16,12,55
2028,35,18,20,73
2029,17,22,4,43
2030,30,8,9,48
2031,1,11,22,34
2032,1,8,28,37
2033,115,24,13,152
2034,2,22,21,45
2035,13,24,0,37
2036,45,17,6,67
2037,11,17,18,46
2038,64,46,9,119
2039,45,2,1,49
2040,20,18,1,39
2041,9,20,13,41
2042,13,4,10,26
2043,0,27,6,33
2044,164,19,6,190
2045,17,13,7,37
2046,100,24,2,126
2047,1,10,4,15
2048,103,10,3,117
2049,122,5,0,128
2050,75,2,15,92
2051,1,15,7,23
2052,20,3,7,30
2053,131,7,3,140
2054,5,0,11,17
2055,19,17,1,37
2056,13,17,6,36
2057,10,37,21,68
2058,27,33,1,62
2059,16,12,2,30
2060,8,8,3,19
2061,125,14,2,141
2062,4,40,9,53
2063,3,7,1,11
2064,15,8,0,23
2065,27,9,6,42
2066,17,16,1,34
2067,1,16,12,29
2068,53,6,15,74
2069,90,28,3,121
2070,6,24,1,31
2071,23,2,18,43
2072,18,10,3,31
2073,9,16,9,34
2074,8,3,5,15
2075,27,8,1,36
2076,30,23,35,87
2077,69,39,3,111
2078,0,23,10,33
2079,15,32,8,55
2080,13,42,8,63
2081,4,8,0,13
2082,19,12,2,34
2083,11,15,2,28
2084,8,60,9,76
2085,4,10,15,30
2086,3,13,12,27
2087,62,7,11,79
2088,20,18,2,40
2089,27,6,8,42
2090,102,37,5,144
2091,38,22,4,64
2092,26,6,1,33
2093,24,2,2,28
2094,31,6,8,46
2095,35,20,10,65
2096,11,6,3,20
2097,41,6,7,54
2098,39,49,8,95
2099,5,20,5,30
2100,23,13,2,38
2101,9,13,19,41
2102,14,12,8,35
2103,44,45,2,91
2104,42,0,5,48
2105,151,17,14,183
2106,40,17,10,67
2107,54,3,10,67
2108,16,6,2,23
2109,50,10,26,86
2110,130,6,9,145
2111,87,1,3,90
2112,25,10,0,36
2113,11,22,3,36
2114,8,0,4,12
2115,6,34,11,51
2116,32,38,2,72
2117,9,23,3,36
2118,14,13,31,58
2119,4,34,16,55
2120,19,10,9,39
2121,15,20,3,38
2122,50,14,10,74
2123,65,17,21,104
2124,9,3,0,13
2125,46,10,3,59
2126,13,1,7,21
2127,12,12,2,26
2128,9,23,5,38
2129,26,10,3,39
2130,38,3,4,45
2131,14,1,1,16
2132,30,12,11,53
2133,4,3,8,15
2134,17,14,4,35
2135,83,4,1,88
2136,38,9,4,52
2137,3,7,1,10
2138,16,2,6,23
2139,21,8,6,34
2140,23,9,10,42
2141,120,10,3,133
2142,10,14,0,25
2143,1,4,0,5
2144,2,11,2,15
2145,11,24,8,43
2146,6,14,3,23
2147,55,43,0,98
2148,2,5,5,11
2149,58,5,7,70
2150,10,6,3,20
2151,24,14,2,40
2152,74,13,3,91
2153,25,5,0,31
2154,48,6,5,59
2155,2,11,8,21
2156,105,4,8,117
2157,67,28,7,103
2158,54,10,23,87
2159,52,24,12,88
2160,4,20,4,29
2161,14,6,0,20
2162,3,3,0,7
2163,66,2,1,69
2164,17,38,5,59
2165,24,7,9,40
2166,43,19,5,66
2167,33,16,0,49
2168,20,42,5,67
2169,15,0,3,17
2170,70,3,7,80
2171,2,55,6,64
2172,16,0,1,17
2173,33,0,0,33
2174,94,6,3,103
2175,76,22,5,103
2176,21,3,3,26
2177,8,10,0,19
2178,6,8,21,35
2179,57,13,4,73
2180,37,6,6,48
2181,19,5,15,39
2182,30,31,2,63
2183,17,0,9,27
2184,15,10,6,30
2185,13,17,1,30
2186,3,6,4,13
2187,8,14,1,24
2188,176,1,9,186
2189,33,21,5,58
2190,125,32,9,165
2191,65,25,6,96
2192,18,6,4,28
2193,36,11,3,49
2194,19,33,16,68
2195,24,41,0,66
2196,1,6,7,14
2197,4,8,4,16
2198,96,4,0,100
2199,22,0,2,24
2200,97,34,1,132
2201,7,4,9,20
2202,18,1,1,20
2203,24,14,13,51
2204,1,6,0,7
2205,4,3,0,7
2206,16,17,5,37
2207,45,4,0,50
2208,53,0,4,56
2209,101,58,3,162
2210,6,9,5,20
2211,10,28,5,43
2212,48,22,3,72
2213,54,1,10,65
2214,3,0,1,4
2215,6,13,1,20
2216,57,0,1,58
2217,18,2,3,23
2218,2,31,0,34
2219,18,0,2,20
2220,6,13,12,30
2221,3,32,8,43
2222,4,4,2,11
2223,12,43,1,56
2224,2,22,3,27
2225,87,5,4,96
2226,4,11,9,24
2227,31,20,1,53
2228,13,24,8,46
2229,19,51,16,86
2230,13,28,1,41
2231,29,9,1,38
2232,15,8,0,24
2233,67,3,9,79
2234,74,49,7,130
2235,7,28,1,36
2236,11,0,12,22
2237,27,6,4,37
2238,213,22,4,240
2239,59,2,1,63
2240,36,1,7,44
2241,6,7,0,14
2242,68,32,0,100
2243,1,23,1,25
2244,12,5,3,21
2245,26,5,3,35
2246,11,8,5,24
2247,74,10,1,85
2248,69,5,1,74
2249,49,5,5,58
2250,19,53,5,76
2251,26,25,19,70
2252,33,4,5,41
2253,8,7,4,20
2254,31,68,1,99
2255,15,19,14,48
2256,39,16,0,55
2257,94,18,11,123
2258,26,6,7,39
2259,1,25,2,27
2260,47,5,4,56
2261,12,6,1,19
2262,59,5,0,65
2263,27,31,2,60
2264,58,16,0,75
2265,24,42,1,66
2266,34,30,3,67
2267,41,5,9,54
2268,40,1,0,41
2269,7,7,1,15
2270,1,3,5,8
2271,15,10,2,27
2272,1,75,0,77
2273,18,9,1,29
2274,0,9,9,18
2275,40,32,6,78
2276,1,6,1,8
2277,13,44,23,80
2278,47,13,3,63
2279,9,17,18,44
2280,10,82,6,98
2281,61,0,10,71
2282,5,4,16,25
2283,6,2,8,15
2284,16,43,5,65
2285,25,7,4,36
2286,15,3,5,22
2287,40,16,8,65
2288,56,6,4,66
2289,9,12,1,22
2290,1,11,7,19
2291,315,12,4,330
2292,46,24,15,85
2293,9,2,2,13
2294,14,23,19,56
2295,75,32,0,107
2296,11,16,2,29
2297,3,46,7,55
2298,2,4,6,12
2299,32,18,9,59
2300,31,3,7,40
2301,47,7,1,55
2302,156,10,2,168
2303,13,6,0,19
2304,80,4,2,87
2305,24,15,6,45
2306,34,25,2,61
2307,34,4,2,41
2308,9,10,4,23
2309,7,0,1,8
2310,24,25,0,50
2311,25,1,1,27
2312,21,17,2,39
2313,47,16,16,79
2314,22,25,19,66
2315,10,3,4,16
2316,23,8,11,42
2317,10,19,9,38
2318,4,65,1,70
2319,4,5,1,10
2320,5,7,5,17
2321,7,31,2,41
2322,70,3,3,76
2323,34,64,14,111
2324,17,12,5,34
2325,44,14,4,62
2326,5,6,5,15
2327,6,2,3,11
2328,66,12,3,80
2329,11,1,3,15
2330,21,5,3,30
2331,15,11,5,31
2332,138,95,14,247
2333,48,2,7,57
2334,28,1,13,41
2335,35,22,2,59
2336,43,16,3,61
2337,2,48,33,83
2338,11,27,4,42
2339,39,25,2,66
2340,17,5,4,26
2341,73,15,2,90
2342,87,25,15,126
2343,78,2,1,81
2344,92,9,6,107
2345,134,3,13,150
2346,9,14,10,33
2347,2,0,10,12
2348,70,7,0,77
2349,117,7,2,126
2350,12,34,8,54
2351,13,41,0,54
2352,17,8,12,37
2353,4,30,9,43
2354,15,1,15,31
2355,23,12,7,42
2356,37,25,12,74
2357,17,12,1,30
2358,73,5,10,87
2359,23,7,4,34
2360,37,34,8,79
2361,34,30,1,65
2362,131,22,4,157
2363,44,15,9,67
2364,48,18,2,68
2365,9,6,7,22
2366,2,4,1,7
2367,25,19,11,55
2368,50,1,0,51
2369,21,25,14,61
2370,10,2,4,16
2371,8,38,19,65
2372,17,46,16,79
2373,5,12,1,18
2374,141,19,7,167
2375,21,41,1,62
2376,33,17,5,54
2377,76,27,8,111
2378,14,55,6,75
2379,7,46,15,68
2380,5,11,2,18
2381,18,9,12,39
2382,85,23,9,117
2383,34,19,14,67
2384,21,17,7,45
2385,8,5,3,16
2386,10,13,9,33
2387,8,0,11,19
2388,17,1,3,22
2389,133,13,3,148
2390,28,13,6,47
2391,58,63,2,124
2392,43,5,3,51
2393,70,7,2,78
2394,2,5,8,14
2395,21,13,3,38
2396,58,45,4,107
2397,26,37,23,85
2398,198,9,2,210
2399,94,47,2,143
2400,58,13,1,72
2401,116,21,4,142
2402,6,11,5,22
2403,17,12,0,29
2404,19,3,3,25
2405,9,5,2,16
2406,30,7,3,40
2407,2,12,1,15
2408,113,18,15,146
2409,55,4,0,59
2410,1,22,4,27
2411,80,42,1,123
2412,77,28,1,105
2413,14,20,21,54
2414,64,3,8,75
2415,41,19,1,60
2416,7,18,1,25
2417,17,5,7,29
2418,2,13,7,22
2419,5,11,8,23
2420,85,3,4,93
2421,56,6,15,77
2422,14,27,4,44
2423,3,1,2,6
2424,1,5,9,15
2425,29,1,3,33
2426,13,4,2,19
2427,9,50,4,62
2428,38,8,4,50
2429,36,5,22,62
2430,29,44,14,87
2431,8,5,1,14
2432,33,9,8,50
2433,74,24,8,107
2434,9,13,1,23
2435,12,12,4,28
2436,101,2,11,114
2437,7,17,10,34
2438,39,6,1,47
2439,38,6,3,47
2440,1,3,5,9
2441,44,8,1,53
2442,10,101,1,112
2443,2,19,1,22
2444,26,0,3,29
2445,141,7,2,150
2446,54,7,10,70
2447,63,94,11,168
2448,29,44,1,74
2449,10,7,21,39
2450,25,19,5,49
2451,9,30,14,53
2452,40,21,28,89
2453,41,21,2,64
2454,49,17,4,69
2455,11,18,5,33
2456,30,4,15,49
2457,22,1,2,24
2458,8,35,3,47
2459,100,25,3,128
2460,37,1,6,44
2461,30,6,11,47
2462,23,65,15,103
2463,12,14,15,40
2464,91,4,4,99
2465,4,6,6,15
2466,13,14,6,32
2467,7,33,1,40
2468,83,12,29,124
2469,10,6,1,17
2470,75,26,6,107
2471,30,66,2,98
2472,70,19,8,97
2473,6,15,3,24
2474,33,18,1,53
2475,0,2,6,8
2476,30,0,0,30
2477,2,24,12,38
2478,9,38,5,52
2479,3,8,9,20
2480,3,20,2,25
2481,45,13,1,59
2482,21,7,1,30
2483,23,35,2,60
2484,19,3,1,23
2485,27,5,1,33
2486,4,20,2,25
2487,27,41,14,81
2488,29,43,13,86
2489,15,23,5,42
2490,19,2,6,27
2491,115,4,10,130
2492,80,23,1,103
2493,23,0,5,29
2494,219,3,2,224
2495,9,17,5,31
2496,13,26,5,44
2497,4,11,10,25
2498,61,18,11,90
2499,53,25,6,84
2500,70,3,3,75
2501,8,1,22,32
2502,117,3,8,128
2503,8,15,4,28
2504,16,2,7,26
2505,50,10,19,79
2506,2,12,8,23
2507,6,21,7,34
2508,2,60,1,63
2509,32,30,4,66
2510,87,6,3,95
2511,36,3,2,40
2512,5,39,2,46
2513,63,3,2,68
2514,99,5,3,106
2515,40,12,4,56
2516,18,14,10,41
2517,25,21,3,50
2518,50,28,3,80
2519,41,37,4,81
2520,8,9,6,22
2521,35,0,19,55
2522,18,0,1,20
2523,11,2,8,21
2524,42,5,2,49
2525,81,1,4,86
2526,12,23,9,45
2527,93,4,11,108
2528,90,4,10,105
2529,3,15,12,30
2530,45,8,27,81
2531,7,42,0,50
2532,35,5,6,46
2533,10,63,18,92
2534,30,3,2,36
2535,75,49,6,129
2536,30,17,5,52
2537,34,7,5,46
2538,13,6,14,33
2539,14,47,2,63
2540,36,23,14,74
2541,107,11,11,130
2542,54,0,2,57
2543,6,0,8,15
2544,23,18,3,45
2545,134,10,9,152
2546,19,13,3,35
2547,33,6,37,76
2548,38,1,3,42
2549,15,101,6,123
2550,47,19,9,75
2551,16,17,4,38
2552,2,16,15,33
2553,27,27,16,70
2554,110,4,3,117
2555,5,23,9,37
2556,36,49,14,99
2557,18,18,6,42
2558,58,10,3,70
2559,52,6,11,70
2560,118,16,1,134
2561,7,1,8,16
2562,65,7,2,74
2563,5,5,1,10
2564,75,13,1,89
2565,47,16,0,64
2566,26,29,6,62
2567,4,0,4,8
2568,13,33,7,53
2569,30,38,14,82
2570,59,9,1,69
2571,1,11,11,23
2572,57,28,1,87
2573,137,7,6,150
2574,70,3,1,73
2575,3,8,2,13
2576,25,18,1,44
2577,29,11,12,52
2578,81,5,5,91
2579,75,4,17,96
2580,100,16,14,130
2581,14,8,19,41
2582,36,3,7,46
2583,71,0,6,76
2584,31,25,15,71
2585,7,5,10,22
2586,15,10,8,33
2587,8,9,3,20
2588,8,6,5,19
2589,42,1,6,50
2590,22,2,2,26
2591,101,7,1,109
2592,33,1,2,36
2593,37,0,0,37
2594,10,20,18,48
2595,87,10,1,99
2596,30,28,6,64
2597,18,3,1,22
2598,5,31,9,44
2599,3,7,10,20
2600,102,20,3,125
2601,30,10,0,41
2602,13,3,2,19
2603,2,16,1,19
2604,56,9,0,66
2605,4,56,3,63
2606,19,11,2,32
2607,63,24,2,89
2608,7,3,3,13
2609,4,16,11,31
2610,24,6,1,32
2611,36,1,2,39
2612,56,3,15,74
2613,46,5,2,53
2614,20,18,2,39
2615,17,5,4,27
2616,43,41,2,86
2617,33,5,4,42
2618,56,2,2,60
2619,2,52,3,57
2620,2,10,9,22
2621,31,1,9,41
2622,10,39,17,66
2623,6,12,3,21
2624,8,73,12,93
2625,40,30,1,71
2626,19,1,13,33
2627,39,10,6,55
2628,36,24,6,67
2629,50,3,10,63
2630,26,8,1,34
2631,24,30,20,74
2632,18,18,1,37
2633,23,6,5,35
2634,22,14,6,43
2635,21,11,22,55
2636,8,17,1,27
2637,5,10,1,16
2638,4,9,4,17
2639,71,17,3,91
2640,66,25,6,97
2641,13,25,10,49
2642,41,15,32,89
2643,24,13,13,50
2644,8,44,23,76
2645,22,38,19,79
2646,53,6,15,74
2647,49,12,8,69
2648,61,43,3,106
2649,68,8,0,76
2650,38,5,18,61
2651,19,44,1,64
2652,5,20,1,27
2653,8,6,2,16
2654,22,24,6,53
2655,25,9,1,35
2656,8,4,3,15
2657,7,4,8,19
2658,43,8,20,71
2659,23,35,0,58
2660,26,9,3,38
2661,41,9,6,56
2662,81,20,0,101
2663,6,5,4,15
2664,68,12,18,98
2665,26,7,11,43
2666,20,7,1,27
2667,34,27,1,62
2668,38,18,1,56
2669,13,6,3,22
2670,9,30,16,56
2671,44,8,0,52
2672,29,18,1,48
2673,56,16,7,79
2674,17,49,7,73
2675,16,19,12,47
2676,24,6,0,30
2677,20,7,15,42
2678,14,4,5,23
2679,8,9,0,17
2680,2,35,4,40
2681,25,13,0,39
2682,16,70,1,88
2683,11,1,5,17
2684,7,8,1,16
2685,51,20,3,74
2686,55,4,7,66
2687,4,1,2,8
2688,34,7,4,45
2689,38,21,2,61
2690,6,6,11,23
2691,20,7,1,28
2692,37,2,4,43
2693,24,21,2,47
2694,62,31,2,95
2695,6,8,4,17
2696,128,3,13,144
2697,12,4,14,30
2698,15,8,21,44
2699,17,26,3,46
2700,10,31,0,41
2701,7,1,11,19
2702,11,10,1,22
2703,51,37,7,95
2704,17,3,5,25
2705,14,4,3,21
2706,31,0,2,33
2707,8,7,5,21
2708,20,73,4,97
2709,5,50,2,58
2710,8,4,3,15
2711,138,42,6,185
2712,21,5,2,29
2713,28,2,1,31
2714,23,3,1,26
2715,26,16,4,47
2716,43,4,14,61
2717,17,12,9,38
2718,40,40,16,96
2719,6,10,3,19
2720,61,11,2,75
2721,12,25,1,38
2722,30,15,4,49
2723,21,1,5,27
2724,33,36,4,73
2725,54,5,5,65
2726,24,8,10,42
2727,12,14,53,79
2728,19,7,0,26
2729,2,14,3,19
2730,123,34,0,157
2731,319,2,3,324
2732,37,61,15,113
2733,17,47,3,68
2734,12,1,5,18
2735,6,3,5,14
2736,42,47,2,90
2737,85,12,3,100
2738,11,0,8,19
2739,18,3,3,24
2740,12,9,1,22
2741,20,27,0,48
2742,16,23,16,55
2743,6,13,19,37
2744,78,37,9,123
2745,10,28,11,49
2746,22,30,12,64
2747,22,5,0,27
2748,5,37,8,50
2749,31,24,1,56
2750,41,33,4,78
2751,11,14,18,43
2752,35,7,18,60
2753,19,14,4,37
2754,21,18,4,43
2755,105,2,5,112
2756,37,20,1,58
2757,11,4,10,25
2758,45,15,2,62
2759,32,58,1,92
2760,46,3,7,56
2761,11,1,19,31
2762,25,7,13,44
2763,7,1,3,10
2764,15,14,1,29
2765,13,4,10,27
2766,66,2,5,72
2767,43,11,8,62
2768,27,12,2,41
2769,23,41,2,67
2770,50,6,8,64
2771,11,30,8,49
2772,44,14,2,60
2773,5,2,0,7
2774,99,0,0,99
2775,17,10,7,33
2776,55,12,38,106
2777,28,25,1,54
2778,22,8,1,30
2779,27,19,7,53
2780,25,19,4,48
2781,3,37,4,45
2782,67,7,8,82
2783,69,4,3,76
2784,6,26,5,36
2785,32,3,9,44
2786,15,3,3,20
2787,126,41,4,172
2788,50,7,1,58
2789,1,25,1,27
2790,22,5,1,28
2791,41,15,22,77
2792,34,31,2,68
2793,21,79,8,108
2794,40,13,19,72
2795,10,7,4,21
2796,1,3,15,19
2797,13,5,3,20
2798,1,55,2,58
2799,21,7,2,30
2800,52,7,4,63
2801,19,56,7,81
2802,7,10,4,21
2803,68,9,4,81
2804,57,1,12,70
2805,20,16,17,54
2806,34,35,9,79
2807,1,2,6,9
2808,58,11,9,78
2809,93,19,5,117
2810,31,7,17,55
2811,10,25,5,40
2812,51,21,17,88
2813,39,18,4,61
2814,42,5,9,56
2815,25,1,6,32
2816,13,16,6,35
2817,34,31,6,70
2818,65,43,1,109
2819,19,17,3,39
2820,129,27,25,181
2821,12,21,9,43
2822,74,28,11,113
2823,72,9,4,85
2824,1,6,3,10
2825,1,37,4,43
2826,3,10,3,16
2827,49,9,1,60
2828,25,60,3,89
2829,1,17,22,40
2830,30,1,1,31
2831,38,18,10,67
2832,0,5,5,11
2833,45,20,5,70
2834,18,14,2,35
2835,3,2,2,7
2836,122,6,7,135
2837,39,10,1,50
2838,63,9,3,74
2839,14,32,2,47
2840,6,3,1,10
2841,10,7,1,18
2842,40,4,1,45
2843,71,33,15,119
2844,1,8,1,10
2845,6,2,23,31
2846,41,37,4,81
2847,0,4,6,10
2848,7,18,2,27
2849,28,1,2,30
2850,19,47,6,73
2851,204,8,9,221
2852,94,27,9,130
2853,116,21,5,142
2854,19,3,12,33
2855,178,14,0,192
2856,65,17,2,84
2857,31,9,33,72
2858,52,27,0,79
2859,3,10,1,13
2860,177,134,3,314
2861,27,14,13,53
2862,2,2,17,21
2863,60,60,1,120
2864,37,8,19,64
2865,14,6,4,24
2866,23,23,1,47
2867,15,7,3,25
2868,85,15,41,141
2869,60,26,3,88
2870,7,16,6,29
2871,115,8,3,127
2872,28,5,3,37
2873,38,5,14,58
2874,7,23,2,31
2875,49,38,1,88
2876,3,29,9,42
2877,80,2,8,90
2878,14,50,2,66
2879,1,22,2,25
2880,7,25,9,41
2881,17,15,3,35
2882,37,3,3,43
2883,41,10,2,53
2884,32,15,4,51
2885,102,15,9,126
2886,41,18,5,64
2887,15,11,25,51
2888,9,23,8,41
2889,35,18,6,58
2890,32,24,29,86
2891,5,5,16,25
2892,28,25,8,62
2893,6,12,6,23
2894,74,3,5,82
2895,21,36,1,58
2896,46,54,6,106
2897,23,4,8,36
2898,7,1,6,14
2899,11,1,1,13
2900,7,0,4,11
2901,2,15,3,19
2902,1,71,1,72
2903,103,0,7,110
2904,3,34,1,38
2905,17,3,1,20
2906,10,3,0,14
2907,19,17,10,46
2908,22,19,1,43
2909,33,1,27,61
2910,7,5,4,16
2911,62,22,5,89
2912,62,63,15,140
2913,12,1,0,13
2914,13,38,0,51
2915,110,10,4,124
2916,21,33,9,62
2917,84,7,1,92
2918,3,31,2,36
2919,33,13,5,51
2920,17,21,9,47
2921,29,2,1,32
2922,43,4,2,49
2923,62,6,15,82
2924,22,6,2,30
2925,3,16,5,25
2926,207,18,20,246
2927,7,11,11,29
2928,24,6,1,31
2929,11,11,5,26
2930,11,3,1,15
2931,4,14,23,41
2932,19,14,2,35
2933,80,47,3,130
2934,102,53,1,156
2935,40,31,3,74
2936,51,14,9,73
2937,9,11,2,21
2938,1,3,2,6
2939,1,19,8,28
2940,4,25,0,29
2941,52,10,5,67
2942,100,15,7,122
2943,61,34,6,101
2944,36,5,6,47
2945,21,10,17,48
2946,86,2,34,122
2947,9,18,2,29
2948,9,9,10,27
2949,14,0,11,25
2950,17,4,1,22
2951,1,2,2,5
2952,11,39,7,58
2953,42,29,39,110
2954,12,24,1,37
2955,29,27,6,62
2956,58,17,0,75
2957,80,46,14,140
2958,13,56,3,72
2959,8,6,5,19
2960,75,10,1,86
2961,25,26,14,65
2962,83,12,8,104
2963,25,7,0,32
2964,7,13,9,30
2965,50,15,18,82
2966,118,5,15,138
2967,43,56,21,119
2968,55,13,5,73
2969,93,19,3,115
2970,10,12,1,24
2971,0,2,4,6
2972,27,26,0,54
2973,46,5,11,62
2974,21,12,2,35
2975,27,16,0,44
2976,94,14,23,131
2977,46,40,0,87
2978,69,28,9,107
2979,49,13,18,80
2980,6,39,4,49
2981,56,22,6,84
2982,63,68,5,136
2983,34,2,0,36
2984,86,7,1,93
2985,22,23,2,46
2986,6,18,1,26
2987,28,19,0,47
2988,18,9,7,35
2989,18,46,28,92
2990,41,34,13,88
2991,3,19,18,40
2992,16,22,1,39
2993,38,15,1,53
2994,5,23,11,39
2995,68,15,2,84
2996,12,15,1,28
2997,24,2,6,32
2998,6,3,5,14
2999,6,13,0,20
3000,11,6,0,17
